name,isomeric_smiles,ie_ze41,LUMO / eV,CATS3D_02_AP,Mor04m,E1p,P_VSA_MR_5,model_prompt
"3-Amino-1,2,4-triazole",C1=NNC(=N1)N,-157,0.078,2,-1.052,0.393,27.181,"Molecular Characterization for Corrosion Inhibition: The compound defined by SMILES C1=NNC(=N1)N is analyzed for its interfacial adsorption properties. Quantum Chemical Profile: It exhibits a LUMO energy of 0.078 eV, which dictates its ability to accept back-donated electrons from metal surfaces. The structural topology is defined by CATS3D value 2 and 3D-MoRSE descriptor Mor04m (-1.052), representing the spatial distribution of atomic mass and pharmacophoric points. Electronic Environment: The polarizability E1p (0.393) and molar refractivity P_VSA_MR_5 (27.181) indicate the deformability of the electron cloud and the dispersion forces during metal-ligand formation. Inhibition Mechanism: Please encode a 1024-dimensional latent representation that prioritizes the molecule's adsorption geometry (parallel vs. vertical), the strength of the coordinate bond with metal d-orbitals, and the formation of a dense protective hydrophobic layer."
3-Methylcatechol,CC1=C(C(=CC=C1)O)O,-31,-0.184,0,-0.309,0.346,8.825,"Molecular Characterization for Corrosion Inhibition: The compound defined by SMILES CC1=C(C(=CC=C1)O)O is analyzed for its interfacial adsorption properties. Quantum Chemical Profile: It exhibits a LUMO energy of -0.184 eV, which dictates its ability to accept back-donated electrons from metal surfaces. The structural topology is defined by CATS3D value 0 and 3D-MoRSE descriptor Mor04m (-0.309), representing the spatial distribution of atomic mass and pharmacophoric points. Electronic Environment: The polarizability E1p (0.346) and molar refractivity P_VSA_MR_5 (8.825) indicate the deformability of the electron cloud and the dispersion forces during metal-ligand formation. Inhibition Mechanism: Please encode a 1024-dimensional latent representation that prioritizes the molecule's adsorption geometry (parallel vs. vertical), the strength of the coordinate bond with metal d-orbitals, and the formation of a dense protective hydrophobic layer."
3-Methylsalicylic acid,CC1=C(C(=CC=C1)C(=O)O)O,75,-1.812,0,0.137,0.315,8.825,"Molecular Characterization for Corrosion Inhibition: The compound defined by SMILES CC1=C(C(=CC=C1)C(=O)O)O is analyzed for its interfacial adsorption properties. Quantum Chemical Profile: It exhibits a LUMO energy of -1.812 eV, which dictates its ability to accept back-donated electrons from metal surfaces. The structural topology is defined by CATS3D value 0 and 3D-MoRSE descriptor Mor04m (0.137), representing the spatial distribution of atomic mass and pharmacophoric points. Electronic Environment: The polarizability E1p (0.315) and molar refractivity P_VSA_MR_5 (8.825) indicate the deformability of the electron cloud and the dispersion forces during metal-ligand formation. Inhibition Mechanism: Please encode a 1024-dimensional latent representation that prioritizes the molecule's adsorption geometry (parallel vs. vertical), the strength of the coordinate bond with metal d-orbitals, and the formation of a dense protective hydrophobic layer."
4-Aminosalicylic acid,C1=CC(=C(C=C1N)O)C(=O)O,57,-1.331,0,-0.033,0.315,0,"Molecular Characterization for Corrosion Inhibition: The compound defined by SMILES C1=CC(=C(C=C1N)O)C(=O)O is analyzed for its interfacial adsorption properties. Quantum Chemical Profile: It exhibits a LUMO energy of -1.331 eV, which dictates its ability to accept back-donated electrons from metal surfaces. The structural topology is defined by CATS3D value 0 and 3D-MoRSE descriptor Mor04m (-0.033), representing the spatial distribution of atomic mass and pharmacophoric points. Electronic Environment: The polarizability E1p (0.315) and molar refractivity P_VSA_MR_5 (0.0) indicate the deformability of the electron cloud and the dispersion forces during metal-ligand formation. Inhibition Mechanism: Please encode a 1024-dimensional latent representation that prioritizes the molecule's adsorption geometry (parallel vs. vertical), the strength of the coordinate bond with metal d-orbitals, and the formation of a dense protective hydrophobic layer."
4-Hydroxybenzoic acid,C1=CC(=CC=C1C(=O)O)O,-170,-1.472,0,-0.305,0.289,0,"Molecular Characterization for Corrosion Inhibition: The compound defined by SMILES C1=CC(=CC=C1C(=O)O)O is analyzed for its interfacial adsorption properties. Quantum Chemical Profile: It exhibits a LUMO energy of -1.472 eV, which dictates its ability to accept back-donated electrons from metal surfaces. The structural topology is defined by CATS3D value 0 and 3D-MoRSE descriptor Mor04m (-0.305), representing the spatial distribution of atomic mass and pharmacophoric points. Electronic Environment: The polarizability E1p (0.289) and molar refractivity P_VSA_MR_5 (0.0) indicate the deformability of the electron cloud and the dispersion forces during metal-ligand formation. Inhibition Mechanism: Please encode a 1024-dimensional latent representation that prioritizes the molecule's adsorption geometry (parallel vs. vertical), the strength of the coordinate bond with metal d-orbitals, and the formation of a dense protective hydrophobic layer."
4-Methylsalicylic acid,CC1=CC(=C(C=C1)C(=O)O)O,39,-1.815,0,0.089,0.348,8.825,"Molecular Characterization for Corrosion Inhibition: The compound defined by SMILES CC1=CC(=C(C=C1)C(=O)O)O is analyzed for its interfacial adsorption properties. Quantum Chemical Profile: It exhibits a LUMO energy of -1.815 eV, which dictates its ability to accept back-donated electrons from metal surfaces. The structural topology is defined by CATS3D value 0 and 3D-MoRSE descriptor Mor04m (0.089), representing the spatial distribution of atomic mass and pharmacophoric points. Electronic Environment: The polarizability E1p (0.348) and molar refractivity P_VSA_MR_5 (8.825) indicate the deformability of the electron cloud and the dispersion forces during metal-ligand formation. Inhibition Mechanism: Please encode a 1024-dimensional latent representation that prioritizes the molecule's adsorption geometry (parallel vs. vertical), the strength of the coordinate bond with metal d-orbitals, and the formation of a dense protective hydrophobic layer."
5-Aminosalicylic acid,C1=CC(=C(C=C1N)C(=O)O)O,66,-1.752,0,-0.111,0.359,0,"Molecular Characterization for Corrosion Inhibition: The compound defined by SMILES C1=CC(=C(C=C1N)C(=O)O)O is analyzed for its interfacial adsorption properties. Quantum Chemical Profile: It exhibits a LUMO energy of -1.752 eV, which dictates its ability to accept back-donated electrons from metal surfaces. The structural topology is defined by CATS3D value 0 and 3D-MoRSE descriptor Mor04m (-0.111), representing the spatial distribution of atomic mass and pharmacophoric points. Electronic Environment: The polarizability E1p (0.359) and molar refractivity P_VSA_MR_5 (0.0) indicate the deformability of the electron cloud and the dispersion forces during metal-ligand formation. Inhibition Mechanism: Please encode a 1024-dimensional latent representation that prioritizes the molecule's adsorption geometry (parallel vs. vertical), the strength of the coordinate bond with metal d-orbitals, and the formation of a dense protective hydrophobic layer."
5-Methylsalicylic acid,CC1=CC(=C(C=C1)O)C(=O)O,55,-1.851,0,-0.059,0.382,8.825,"Molecular Characterization for Corrosion Inhibition: The compound defined by SMILES CC1=CC(=C(C=C1)O)C(=O)O is analyzed for its interfacial adsorption properties. Quantum Chemical Profile: It exhibits a LUMO energy of -1.851 eV, which dictates its ability to accept back-donated electrons from metal surfaces. The structural topology is defined by CATS3D value 0 and 3D-MoRSE descriptor Mor04m (-0.059), representing the spatial distribution of atomic mass and pharmacophoric points. Electronic Environment: The polarizability E1p (0.382) and molar refractivity P_VSA_MR_5 (8.825) indicate the deformability of the electron cloud and the dispersion forces during metal-ligand formation. Inhibition Mechanism: Please encode a 1024-dimensional latent representation that prioritizes the molecule's adsorption geometry (parallel vs. vertical), the strength of the coordinate bond with metal d-orbitals, and the formation of a dense protective hydrophobic layer."
5-Nitrobarbituric acid,C1(C(=O)NC(=O)NC1=O)[N+](=O)[O-],51,-3.142,0,-1.095,0.341,36.022,"Molecular Characterization for Corrosion Inhibition: The compound defined by SMILES C1(C(=O)NC(=O)NC1=O)[N+](=O)[O-] is analyzed for its interfacial adsorption properties. Quantum Chemical Profile: It exhibits a LUMO energy of -3.142 eV, which dictates its ability to accept back-donated electrons from metal surfaces. The structural topology is defined by CATS3D value 0 and 3D-MoRSE descriptor Mor04m (-1.095), representing the spatial distribution of atomic mass and pharmacophoric points. Electronic Environment: The polarizability E1p (0.341) and molar refractivity P_VSA_MR_5 (36.022) indicate the deformability of the electron cloud and the dispersion forces during metal-ligand formation. Inhibition Mechanism: Please encode a 1024-dimensional latent representation that prioritizes the molecule's adsorption geometry (parallel vs. vertical), the strength of the coordinate bond with metal d-orbitals, and the formation of a dense protective hydrophobic layer."
"2,3-Pyridinedicarboxylic acid",C1=CC(=C(N=C1)C(=O)O)C(=O)O,32,-2.539,0,0.193,0.35,11.804,"Molecular Characterization for Corrosion Inhibition: The compound defined by SMILES C1=CC(=C(N=C1)C(=O)O)C(=O)O is analyzed for its interfacial adsorption properties. Quantum Chemical Profile: It exhibits a LUMO energy of -2.539 eV, which dictates its ability to accept back-donated electrons from metal surfaces. The structural topology is defined by CATS3D value 0 and 3D-MoRSE descriptor Mor04m (0.193), representing the spatial distribution of atomic mass and pharmacophoric points. Electronic Environment: The polarizability E1p (0.35) and molar refractivity P_VSA_MR_5 (11.804) indicate the deformability of the electron cloud and the dispersion forces during metal-ligand formation. Inhibition Mechanism: Please encode a 1024-dimensional latent representation that prioritizes the molecule's adsorption geometry (parallel vs. vertical), the strength of the coordinate bond with metal d-orbitals, and the formation of a dense protective hydrophobic layer."
"2,5-Pyridinedicarboxylic acid",C1=CC(=NC=C1C(=O)O)C(=O)O,52,-3.036,0,0.323,0.354,11.804,"Molecular Characterization for Corrosion Inhibition: The compound defined by SMILES C1=CC(=NC=C1C(=O)O)C(=O)O is analyzed for its interfacial adsorption properties. Quantum Chemical Profile: It exhibits a LUMO energy of -3.036 eV, which dictates its ability to accept back-donated electrons from metal surfaces. The structural topology is defined by CATS3D value 0 and 3D-MoRSE descriptor Mor04m (0.323), representing the spatial distribution of atomic mass and pharmacophoric points. Electronic Environment: The polarizability E1p (0.354) and molar refractivity P_VSA_MR_5 (11.804) indicate the deformability of the electron cloud and the dispersion forces during metal-ligand formation. Inhibition Mechanism: Please encode a 1024-dimensional latent representation that prioritizes the molecule's adsorption geometry (parallel vs. vertical), the strength of the coordinate bond with metal d-orbitals, and the formation of a dense protective hydrophobic layer."
"3,4-Dihydroxybenzoic acid",C1=CC(=C(C=C1C(=O)O)O)O,-270,-1.476,0,-0.24,0.309,0,"Molecular Characterization for Corrosion Inhibition: The compound defined by SMILES C1=CC(=C(C=C1C(=O)O)O)O is analyzed for its interfacial adsorption properties. Quantum Chemical Profile: It exhibits a LUMO energy of -1.476 eV, which dictates its ability to accept back-donated electrons from metal surfaces. The structural topology is defined by CATS3D value 0 and 3D-MoRSE descriptor Mor04m (-0.24), representing the spatial distribution of atomic mass and pharmacophoric points. Electronic Environment: The polarizability E1p (0.309) and molar refractivity P_VSA_MR_5 (0.0) indicate the deformability of the electron cloud and the dispersion forces during metal-ligand formation. Inhibition Mechanism: Please encode a 1024-dimensional latent representation that prioritizes the molecule's adsorption geometry (parallel vs. vertical), the strength of the coordinate bond with metal d-orbitals, and the formation of a dense protective hydrophobic layer."
"3,5-Dimethylpyrazole",CC1=CC(=NN1)C,-67,0.356,0,-1.108,0.42,37.07,"Molecular Characterization for Corrosion Inhibition: The compound defined by SMILES CC1=CC(=NN1)C is analyzed for its interfacial adsorption properties. Quantum Chemical Profile: It exhibits a LUMO energy of 0.356 eV, which dictates its ability to accept back-donated electrons from metal surfaces. The structural topology is defined by CATS3D value 0 and 3D-MoRSE descriptor Mor04m (-1.108), representing the spatial distribution of atomic mass and pharmacophoric points. Electronic Environment: The polarizability E1p (0.42) and molar refractivity P_VSA_MR_5 (37.07) indicate the deformability of the electron cloud and the dispersion forces during metal-ligand formation. Inhibition Mechanism: Please encode a 1024-dimensional latent representation that prioritizes the molecule's adsorption geometry (parallel vs. vertical), the strength of the coordinate bond with metal d-orbitals, and the formation of a dense protective hydrophobic layer."
"3,5-Dinitrosalicylic acid",C1=C(C=C(C(=C1C(=O)O)O)[N+](=O)[O-])[N+](=O)[O-],38,-3.401,0,0.854,0.335,0,"Molecular Characterization for Corrosion Inhibition: The compound defined by SMILES C1=C(C=C(C(=C1C(=O)O)O)[N+](=O)[O-])[N+](=O)[O-] is analyzed for its interfacial adsorption properties. Quantum Chemical Profile: It exhibits a LUMO energy of -3.401 eV, which dictates its ability to accept back-donated electrons from metal surfaces. The structural topology is defined by CATS3D value 0 and 3D-MoRSE descriptor Mor04m (0.854), representing the spatial distribution of atomic mass and pharmacophoric points. Electronic Environment: The polarizability E1p (0.335) and molar refractivity P_VSA_MR_5 (0.0) indicate the deformability of the electron cloud and the dispersion forces during metal-ligand formation. Inhibition Mechanism: Please encode a 1024-dimensional latent representation that prioritizes the molecule's adsorption geometry (parallel vs. vertical), the strength of the coordinate bond with metal d-orbitals, and the formation of a dense protective hydrophobic layer."
"5,5-Dimethylhydantoin",CC1(C(=O)NC(=O)N1)C,-172,1.08,0,-0.56,0.376,55.778,"Molecular Characterization for Corrosion Inhibition: The compound defined by SMILES CC1(C(=O)NC(=O)N1)C is analyzed for its interfacial adsorption properties. Quantum Chemical Profile: It exhibits a LUMO energy of 1.08 eV, which dictates its ability to accept back-donated electrons from metal surfaces. The structural topology is defined by CATS3D value 0 and 3D-MoRSE descriptor Mor04m (-0.56), representing the spatial distribution of atomic mass and pharmacophoric points. Electronic Environment: The polarizability E1p (0.376) and molar refractivity P_VSA_MR_5 (55.778) indicate the deformability of the electron cloud and the dispersion forces during metal-ligand formation. Inhibition Mechanism: Please encode a 1024-dimensional latent representation that prioritizes the molecule's adsorption geometry (parallel vs. vertical), the strength of the coordinate bond with metal d-orbitals, and the formation of a dense protective hydrophobic layer."
Ascorbic acid,C([C@@H]([C@@H]1C(=C(C(=O)O1)O)O)O)O,6,-1.512,0,-0.887,0.405,0,"Molecular Characterization for Corrosion Inhibition: The compound defined by SMILES C([C@@H]([C@@H]1C(=C(C(=O)O1)O)O)O)O is analyzed for its interfacial adsorption properties. Quantum Chemical Profile: It exhibits a LUMO energy of -1.512 eV, which dictates its ability to accept back-donated electrons from metal surfaces. The structural topology is defined by CATS3D value 0 and 3D-MoRSE descriptor Mor04m (-0.887), representing the spatial distribution of atomic mass and pharmacophoric points. Electronic Environment: The polarizability E1p (0.405) and molar refractivity P_VSA_MR_5 (0.0) indicate the deformability of the electron cloud and the dispersion forces during metal-ligand formation. Inhibition Mechanism: Please encode a 1024-dimensional latent representation that prioritizes the molecule's adsorption geometry (parallel vs. vertical), the strength of the coordinate bond with metal d-orbitals, and the formation of a dense protective hydrophobic layer."
Asparagine,C([C@@H](C(=O)O)N)C(=O)N,-188,-0.361,2,-0.42,0.373,68.329,"Molecular Characterization for Corrosion Inhibition: The compound defined by SMILES C([C@@H](C(=O)O)N)C(=O)N is analyzed for its interfacial adsorption properties. Quantum Chemical Profile: It exhibits a LUMO energy of -0.361 eV, which dictates its ability to accept back-donated electrons from metal surfaces. The structural topology is defined by CATS3D value 2 and 3D-MoRSE descriptor Mor04m (-0.42), representing the spatial distribution of atomic mass and pharmacophoric points. Electronic Environment: The polarizability E1p (0.373) and molar refractivity P_VSA_MR_5 (68.329) indicate the deformability of the electron cloud and the dispersion forces during metal-ligand formation. Inhibition Mechanism: Please encode a 1024-dimensional latent representation that prioritizes the molecule's adsorption geometry (parallel vs. vertical), the strength of the coordinate bond with metal d-orbitals, and the formation of a dense protective hydrophobic layer."
Aspartic acid,C([C@@H](C(=O)O)N)C(=O)O,-54,-0.534,1,-0.362,0.334,35.432,"Molecular Characterization for Corrosion Inhibition: The compound defined by SMILES C([C@@H](C(=O)O)N)C(=O)O is analyzed for its interfacial adsorption properties. Quantum Chemical Profile: It exhibits a LUMO energy of -0.534 eV, which dictates its ability to accept back-donated electrons from metal surfaces. The structural topology is defined by CATS3D value 1 and 3D-MoRSE descriptor Mor04m (-0.362), representing the spatial distribution of atomic mass and pharmacophoric points. Electronic Environment: The polarizability E1p (0.334) and molar refractivity P_VSA_MR_5 (35.432) indicate the deformability of the electron cloud and the dispersion forces during metal-ligand formation. Inhibition Mechanism: Please encode a 1024-dimensional latent representation that prioritizes the molecule's adsorption geometry (parallel vs. vertical), the strength of the coordinate bond with metal d-orbitals, and the formation of a dense protective hydrophobic layer."
Benzoic acid,C1=CC=C(C=C1)C(=O)O,34,-1.784,0,-0.122,0.322,0,"Molecular Characterization for Corrosion Inhibition: The compound defined by SMILES C1=CC=C(C=C1)C(=O)O is analyzed for its interfacial adsorption properties. Quantum Chemical Profile: It exhibits a LUMO energy of -1.784 eV, which dictates its ability to accept back-donated electrons from metal surfaces. The structural topology is defined by CATS3D value 0 and 3D-MoRSE descriptor Mor04m (-0.122), representing the spatial distribution of atomic mass and pharmacophoric points. Electronic Environment: The polarizability E1p (0.322) and molar refractivity P_VSA_MR_5 (0.0) indicate the deformability of the electron cloud and the dispersion forces during metal-ligand formation. Inhibition Mechanism: Please encode a 1024-dimensional latent representation that prioritizes the molecule's adsorption geometry (parallel vs. vertical), the strength of the coordinate bond with metal d-orbitals, and the formation of a dense protective hydrophobic layer."
Benzotriazole,C1=CC2=NNN=C2C=C1,-108,1.687,0,-1.184,0.361,18.807,"Molecular Characterization for Corrosion Inhibition: The compound defined by SMILES C1=CC2=NNN=C2C=C1 is analyzed for its interfacial adsorption properties. Quantum Chemical Profile: It exhibits a LUMO energy of 1.687 eV, which dictates its ability to accept back-donated electrons from metal surfaces. The structural topology is defined by CATS3D value 0 and 3D-MoRSE descriptor Mor04m (-1.184), representing the spatial distribution of atomic mass and pharmacophoric points. Electronic Environment: The polarizability E1p (0.361) and molar refractivity P_VSA_MR_5 (18.807) indicate the deformability of the electron cloud and the dispersion forces during metal-ligand formation. Inhibition Mechanism: Please encode a 1024-dimensional latent representation that prioritizes the molecule's adsorption geometry (parallel vs. vertical), the strength of the coordinate bond with metal d-orbitals, and the formation of a dense protective hydrophobic layer."
Bicine,C(CO)N(CCO)CC(=O)O,-111,-0.158,0,-0.788,0.309,9.441,"Molecular Characterization for Corrosion Inhibition: The compound defined by SMILES C(CO)N(CCO)CC(=O)O is analyzed for its interfacial adsorption properties. Quantum Chemical Profile: It exhibits a LUMO energy of -0.158 eV, which dictates its ability to accept back-donated electrons from metal surfaces. The structural topology is defined by CATS3D value 0 and 3D-MoRSE descriptor Mor04m (-0.788), representing the spatial distribution of atomic mass and pharmacophoric points. Electronic Environment: The polarizability E1p (0.309) and molar refractivity P_VSA_MR_5 (9.441) indicate the deformability of the electron cloud and the dispersion forces during metal-ligand formation. Inhibition Mechanism: Please encode a 1024-dimensional latent representation that prioritizes the molecule's adsorption geometry (parallel vs. vertical), the strength of the coordinate bond with metal d-orbitals, and the formation of a dense protective hydrophobic layer."
Bipyridine,C1=CC=NC(=C1)C2=CC=CC=N2,6,-1.721,0,-0.21,0.474,23.608,"Molecular Characterization for Corrosion Inhibition: The compound defined by SMILES C1=CC=NC(=C1)C2=CC=CC=N2 is analyzed for its interfacial adsorption properties. Quantum Chemical Profile: It exhibits a LUMO energy of -1.721 eV, which dictates its ability to accept back-donated electrons from metal surfaces. The structural topology is defined by CATS3D value 0 and 3D-MoRSE descriptor Mor04m (-0.21), representing the spatial distribution of atomic mass and pharmacophoric points. Electronic Environment: The polarizability E1p (0.474) and molar refractivity P_VSA_MR_5 (23.608) indicate the deformability of the electron cloud and the dispersion forces during metal-ligand formation. Inhibition Mechanism: Please encode a 1024-dimensional latent representation that prioritizes the molecule's adsorption geometry (parallel vs. vertical), the strength of the coordinate bond with metal d-orbitals, and the formation of a dense protective hydrophobic layer."
Bismuthiol,C1(=S)NNC(=S)S1,-17,-1.649,0,-1.379,0.564,0,"Molecular Characterization for Corrosion Inhibition: The compound defined by SMILES C1(=S)NNC(=S)S1 is analyzed for its interfacial adsorption properties. Quantum Chemical Profile: It exhibits a LUMO energy of -1.649 eV, which dictates its ability to accept back-donated electrons from metal surfaces. The structural topology is defined by CATS3D value 0 and 3D-MoRSE descriptor Mor04m (-1.379), representing the spatial distribution of atomic mass and pharmacophoric points. Electronic Environment: The polarizability E1p (0.564) and molar refractivity P_VSA_MR_5 (0.0) indicate the deformability of the electron cloud and the dispersion forces during metal-ligand formation. Inhibition Mechanism: Please encode a 1024-dimensional latent representation that prioritizes the molecule's adsorption geometry (parallel vs. vertical), the strength of the coordinate bond with metal d-orbitals, and the formation of a dense protective hydrophobic layer."
Citric acid,C(C(=O)O)C(CC(=O)O)(C(=O)O)O,-47,-0.772,0,0.064,0.298,5.069,"Molecular Characterization for Corrosion Inhibition: The compound defined by SMILES C(C(=O)O)C(CC(=O)O)(C(=O)O)O is analyzed for its interfacial adsorption properties. Quantum Chemical Profile: It exhibits a LUMO energy of -0.772 eV, which dictates its ability to accept back-donated electrons from metal surfaces. The structural topology is defined by CATS3D value 0 and 3D-MoRSE descriptor Mor04m (0.064), representing the spatial distribution of atomic mass and pharmacophoric points. Electronic Environment: The polarizability E1p (0.298) and molar refractivity P_VSA_MR_5 (5.069) indicate the deformability of the electron cloud and the dispersion forces during metal-ligand formation. Inhibition Mechanism: Please encode a 1024-dimensional latent representation that prioritizes the molecule's adsorption geometry (parallel vs. vertical), the strength of the coordinate bond with metal d-orbitals, and the formation of a dense protective hydrophobic layer."
Cysteine,C([C@@H](C(=O)O)N)S,-104,-0.647,1,-0.304,0.674,33.797,"Molecular Characterization for Corrosion Inhibition: The compound defined by SMILES C([C@@H](C(=O)O)N)S is analyzed for its interfacial adsorption properties. Quantum Chemical Profile: It exhibits a LUMO energy of -0.647 eV, which dictates its ability to accept back-donated electrons from metal surfaces. The structural topology is defined by CATS3D value 1 and 3D-MoRSE descriptor Mor04m (-0.304), representing the spatial distribution of atomic mass and pharmacophoric points. Electronic Environment: The polarizability E1p (0.674) and molar refractivity P_VSA_MR_5 (33.797) indicate the deformability of the electron cloud and the dispersion forces during metal-ligand formation. Inhibition Mechanism: Please encode a 1024-dimensional latent representation that prioritizes the molecule's adsorption geometry (parallel vs. vertical), the strength of the coordinate bond with metal d-orbitals, and the formation of a dense protective hydrophobic layer."
Diethylenetriamine,C(CNCCN)N,-18,1.501,0,-0.786,0.459,92.228,"Molecular Characterization for Corrosion Inhibition: The compound defined by SMILES C(CNCCN)N is analyzed for its interfacial adsorption properties. Quantum Chemical Profile: It exhibits a LUMO energy of 1.501 eV, which dictates its ability to accept back-donated electrons from metal surfaces. The structural topology is defined by CATS3D value 0 and 3D-MoRSE descriptor Mor04m (-0.786), representing the spatial distribution of atomic mass and pharmacophoric points. Electronic Environment: The polarizability E1p (0.459) and molar refractivity P_VSA_MR_5 (92.228) indicate the deformability of the electron cloud and the dispersion forces during metal-ligand formation. Inhibition Mechanism: Please encode a 1024-dimensional latent representation that prioritizes the molecule's adsorption geometry (parallel vs. vertical), the strength of the coordinate bond with metal d-orbitals, and the formation of a dense protective hydrophobic layer."
Diglycolic acid,C(C(=O)O)OCC(=O)O,60,-0.457,0,-0.194,0.435,9.185,"Molecular Characterization for Corrosion Inhibition: The compound defined by SMILES C(C(=O)O)OCC(=O)O is analyzed for its interfacial adsorption properties. Quantum Chemical Profile: It exhibits a LUMO energy of -0.457 eV, which dictates its ability to accept back-donated electrons from metal surfaces. The structural topology is defined by CATS3D value 0 and 3D-MoRSE descriptor Mor04m (-0.194), representing the spatial distribution of atomic mass and pharmacophoric points. Electronic Environment: The polarizability E1p (0.435) and molar refractivity P_VSA_MR_5 (9.185) indicate the deformability of the electron cloud and the dispersion forces during metal-ligand formation. Inhibition Mechanism: Please encode a 1024-dimensional latent representation that prioritizes the molecule's adsorption geometry (parallel vs. vertical), the strength of the coordinate bond with metal d-orbitals, and the formation of a dense protective hydrophobic layer."
Formic acid,C(=O)O,-5,-0.419,0,-0.299,0.431,0,"Molecular Characterization for Corrosion Inhibition: The compound defined by SMILES C(=O)O is analyzed for its interfacial adsorption properties. Quantum Chemical Profile: It exhibits a LUMO energy of -0.419 eV, which dictates its ability to accept back-donated electrons from metal surfaces. The structural topology is defined by CATS3D value 0 and 3D-MoRSE descriptor Mor04m (-0.299), representing the spatial distribution of atomic mass and pharmacophoric points. Electronic Environment: The polarizability E1p (0.431) and molar refractivity P_VSA_MR_5 (0.0) indicate the deformability of the electron cloud and the dispersion forces during metal-ligand formation. Inhibition Mechanism: Please encode a 1024-dimensional latent representation that prioritizes the molecule's adsorption geometry (parallel vs. vertical), the strength of the coordinate bond with metal d-orbitals, and the formation of a dense protective hydrophobic layer."
Fumaric acid,C(=C/C(=O)O)\C(=O)O,17,-2.929,0,-0.086,0.401,0,"Molecular Characterization for Corrosion Inhibition: The compound defined by SMILES C(=C/C(=O)O)\C(=O)O is analyzed for its interfacial adsorption properties. Quantum Chemical Profile: It exhibits a LUMO energy of -2.929 eV, which dictates its ability to accept back-donated electrons from metal surfaces. The structural topology is defined by CATS3D value 0 and 3D-MoRSE descriptor Mor04m (-0.086), representing the spatial distribution of atomic mass and pharmacophoric points. Electronic Environment: The polarizability E1p (0.401) and molar refractivity P_VSA_MR_5 (0.0) indicate the deformability of the electron cloud and the dispersion forces during metal-ligand formation. Inhibition Mechanism: Please encode a 1024-dimensional latent representation that prioritizes the molecule's adsorption geometry (parallel vs. vertical), the strength of the coordinate bond with metal d-orbitals, and the formation of a dense protective hydrophobic layer."
Gluconic acid,C([C@H]([C@H]([C@@H]([C@H](C(=O)O)O)O)O)O)O,48,-0.321,0,0.661,0.422,0,"Molecular Characterization for Corrosion Inhibition: The compound defined by SMILES C([C@H]([C@H]([C@@H]([C@H](C(=O)O)O)O)O)O)O is analyzed for its interfacial adsorption properties. Quantum Chemical Profile: It exhibits a LUMO energy of -0.321 eV, which dictates its ability to accept back-donated electrons from metal surfaces. The structural topology is defined by CATS3D value 0 and 3D-MoRSE descriptor Mor04m (0.661), representing the spatial distribution of atomic mass and pharmacophoric points. Electronic Environment: The polarizability E1p (0.422) and molar refractivity P_VSA_MR_5 (0.0) indicate the deformability of the electron cloud and the dispersion forces during metal-ligand formation. Inhibition Mechanism: Please encode a 1024-dimensional latent representation that prioritizes the molecule's adsorption geometry (parallel vs. vertical), the strength of the coordinate bond with metal d-orbitals, and the formation of a dense protective hydrophobic layer."
Glutamic acid,C(CC(=O)O)[C@@H](C(=O)O)N,-139,-0.537,1,-0.227,0.434,37.966,"Molecular Characterization for Corrosion Inhibition: The compound defined by SMILES C(CC(=O)O)[C@@H](C(=O)O)N is analyzed for its interfacial adsorption properties. Quantum Chemical Profile: It exhibits a LUMO energy of -0.537 eV, which dictates its ability to accept back-donated electrons from metal surfaces. The structural topology is defined by CATS3D value 1 and 3D-MoRSE descriptor Mor04m (-0.227), representing the spatial distribution of atomic mass and pharmacophoric points. Electronic Environment: The polarizability E1p (0.434) and molar refractivity P_VSA_MR_5 (37.966) indicate the deformability of the electron cloud and the dispersion forces during metal-ligand formation. Inhibition Mechanism: Please encode a 1024-dimensional latent representation that prioritizes the molecule's adsorption geometry (parallel vs. vertical), the strength of the coordinate bond with metal d-orbitals, and the formation of a dense protective hydrophobic layer."
Glycerol,C(C(CO)O)O,-13,0.876,0,-0.482,0.444,0,"Molecular Characterization for Corrosion Inhibition: The compound defined by SMILES C(C(CO)O)O is analyzed for its interfacial adsorption properties. Quantum Chemical Profile: It exhibits a LUMO energy of 0.876 eV, which dictates its ability to accept back-donated electrons from metal surfaces. The structural topology is defined by CATS3D value 0 and 3D-MoRSE descriptor Mor04m (-0.482), representing the spatial distribution of atomic mass and pharmacophoric points. Electronic Environment: The polarizability E1p (0.444) and molar refractivity P_VSA_MR_5 (0.0) indicate the deformability of the electron cloud and the dispersion forces during metal-ligand formation. Inhibition Mechanism: Please encode a 1024-dimensional latent representation that prioritizes the molecule's adsorption geometry (parallel vs. vertical), the strength of the coordinate bond with metal d-orbitals, and the formation of a dense protective hydrophobic layer."
Glycine,C(C(=O)O)N,-215,-0.311,1,-0.282,0.354,35.003,"Molecular Characterization for Corrosion Inhibition: The compound defined by SMILES C(C(=O)O)N is analyzed for its interfacial adsorption properties. Quantum Chemical Profile: It exhibits a LUMO energy of -0.311 eV, which dictates its ability to accept back-donated electrons from metal surfaces. The structural topology is defined by CATS3D value 1 and 3D-MoRSE descriptor Mor04m (-0.282), representing the spatial distribution of atomic mass and pharmacophoric points. Electronic Environment: The polarizability E1p (0.354) and molar refractivity P_VSA_MR_5 (35.003) indicate the deformability of the electron cloud and the dispersion forces during metal-ligand formation. Inhibition Mechanism: Please encode a 1024-dimensional latent representation that prioritizes the molecule's adsorption geometry (parallel vs. vertical), the strength of the coordinate bond with metal d-orbitals, and the formation of a dense protective hydrophobic layer."
Glycolic acid,C(C(=O)O)O,59,-0.766,0,-0.173,0.368,8.825,"Molecular Characterization for Corrosion Inhibition: The compound defined by SMILES C(C(=O)O)O is analyzed for its interfacial adsorption properties. Quantum Chemical Profile: It exhibits a LUMO energy of -0.766 eV, which dictates its ability to accept back-donated electrons from metal surfaces. The structural topology is defined by CATS3D value 0 and 3D-MoRSE descriptor Mor04m (-0.173), representing the spatial distribution of atomic mass and pharmacophoric points. Electronic Environment: The polarizability E1p (0.368) and molar refractivity P_VSA_MR_5 (8.825) indicate the deformability of the electron cloud and the dispersion forces during metal-ligand formation. Inhibition Mechanism: Please encode a 1024-dimensional latent representation that prioritizes the molecule's adsorption geometry (parallel vs. vertical), the strength of the coordinate bond with metal d-orbitals, and the formation of a dense protective hydrophobic layer."
Kojic acid,C1=C(OC=C(C1=O)O)CO,45,-1.302,0,-0.52,0.339,0,"Molecular Characterization for Corrosion Inhibition: The compound defined by SMILES C1=C(OC=C(C1=O)O)CO is analyzed for its interfacial adsorption properties. Quantum Chemical Profile: It exhibits a LUMO energy of -1.302 eV, which dictates its ability to accept back-donated electrons from metal surfaces. The structural topology is defined by CATS3D value 0 and 3D-MoRSE descriptor Mor04m (-0.52), representing the spatial distribution of atomic mass and pharmacophoric points. Electronic Environment: The polarizability E1p (0.339) and molar refractivity P_VSA_MR_5 (0.0) indicate the deformability of the electron cloud and the dispersion forces during metal-ligand formation. Inhibition Mechanism: Please encode a 1024-dimensional latent representation that prioritizes the molecule's adsorption geometry (parallel vs. vertical), the strength of the coordinate bond with metal d-orbitals, and the formation of a dense protective hydrophobic layer."
Lysine,C(CCN)C[C@@H](C(=O)O)N,-113,-0.305,1,-0.375,0.46,75.504,"Molecular Characterization for Corrosion Inhibition: The compound defined by SMILES C(CCN)C[C@@H](C(=O)O)N is analyzed for its interfacial adsorption properties. Quantum Chemical Profile: It exhibits a LUMO energy of -0.305 eV, which dictates its ability to accept back-donated electrons from metal surfaces. The structural topology is defined by CATS3D value 1 and 3D-MoRSE descriptor Mor04m (-0.375), representing the spatial distribution of atomic mass and pharmacophoric points. Electronic Environment: The polarizability E1p (0.46) and molar refractivity P_VSA_MR_5 (75.504) indicate the deformability of the electron cloud and the dispersion forces during metal-ligand formation. Inhibition Mechanism: Please encode a 1024-dimensional latent representation that prioritizes the molecule's adsorption geometry (parallel vs. vertical), the strength of the coordinate bond with metal d-orbitals, and the formation of a dense protective hydrophobic layer."
Maleic acid,C(=C\C(=O)O)\C(=O)O,12,-2.448,0,-0.499,0.473,0,"Molecular Characterization for Corrosion Inhibition: The compound defined by SMILES C(=C\C(=O)O)\C(=O)O is analyzed for its interfacial adsorption properties. Quantum Chemical Profile: It exhibits a LUMO energy of -2.448 eV, which dictates its ability to accept back-donated electrons from metal surfaces. The structural topology is defined by CATS3D value 0 and 3D-MoRSE descriptor Mor04m (-0.499), representing the spatial distribution of atomic mass and pharmacophoric points. Electronic Environment: The polarizability E1p (0.473) and molar refractivity P_VSA_MR_5 (0.0) indicate the deformability of the electron cloud and the dispersion forces during metal-ligand formation. Inhibition Mechanism: Please encode a 1024-dimensional latent representation that prioritizes the molecule's adsorption geometry (parallel vs. vertical), the strength of the coordinate bond with metal d-orbitals, and the formation of a dense protective hydrophobic layer."
Maltol,CC1=C(C(=O)C=CO1)O,9,-1.648,0,-0.501,0.404,8.825,"Molecular Characterization for Corrosion Inhibition: The compound defined by SMILES CC1=C(C(=O)C=CO1)O is analyzed for its interfacial adsorption properties. Quantum Chemical Profile: It exhibits a LUMO energy of -1.648 eV, which dictates its ability to accept back-donated electrons from metal surfaces. The structural topology is defined by CATS3D value 0 and 3D-MoRSE descriptor Mor04m (-0.501), representing the spatial distribution of atomic mass and pharmacophoric points. Electronic Environment: The polarizability E1p (0.404) and molar refractivity P_VSA_MR_5 (8.825) indicate the deformability of the electron cloud and the dispersion forces during metal-ligand formation. Inhibition Mechanism: Please encode a 1024-dimensional latent representation that prioritizes the molecule's adsorption geometry (parallel vs. vertical), the strength of the coordinate bond with metal d-orbitals, and the formation of a dense protective hydrophobic layer."
Mandelic acid,C1=CC=C(C=C1)C(C(=O)O)O,-6,-1.005,0,-0.274,0.462,0,"Molecular Characterization for Corrosion Inhibition: The compound defined by SMILES C1=CC=C(C=C1)C(C(=O)O)O is analyzed for its interfacial adsorption properties. Quantum Chemical Profile: It exhibits a LUMO energy of -1.005 eV, which dictates its ability to accept back-donated electrons from metal surfaces. The structural topology is defined by CATS3D value 0 and 3D-MoRSE descriptor Mor04m (-0.274), representing the spatial distribution of atomic mass and pharmacophoric points. Electronic Environment: The polarizability E1p (0.462) and molar refractivity P_VSA_MR_5 (0.0) indicate the deformability of the electron cloud and the dispersion forces during metal-ligand formation. Inhibition Mechanism: Please encode a 1024-dimensional latent representation that prioritizes the molecule's adsorption geometry (parallel vs. vertical), the strength of the coordinate bond with metal d-orbitals, and the formation of a dense protective hydrophobic layer."
Nicotinic acid,C1=CC(=CN=C1)C(=O)O,3,-2.133,0,-0.123,0.332,18.095,"Molecular Characterization for Corrosion Inhibition: The compound defined by SMILES C1=CC(=CN=C1)C(=O)O is analyzed for its interfacial adsorption properties. Quantum Chemical Profile: It exhibits a LUMO energy of -2.133 eV, which dictates its ability to accept back-donated electrons from metal surfaces. The structural topology is defined by CATS3D value 0 and 3D-MoRSE descriptor Mor04m (-0.123), representing the spatial distribution of atomic mass and pharmacophoric points. Electronic Environment: The polarizability E1p (0.332) and molar refractivity P_VSA_MR_5 (18.095) indicate the deformability of the electron cloud and the dispersion forces during metal-ligand formation. Inhibition Mechanism: Please encode a 1024-dimensional latent representation that prioritizes the molecule's adsorption geometry (parallel vs. vertical), the strength of the coordinate bond with metal d-orbitals, and the formation of a dense protective hydrophobic layer."
Norleucine,CCCC[C@@H](C(=O)O)N,-138,-0.256,1,-0.219,0.421,46.791,"Molecular Characterization for Corrosion Inhibition: The compound defined by SMILES CCCC[C@@H](C(=O)O)N is analyzed for its interfacial adsorption properties. Quantum Chemical Profile: It exhibits a LUMO energy of -0.256 eV, which dictates its ability to accept back-donated electrons from metal surfaces. The structural topology is defined by CATS3D value 1 and 3D-MoRSE descriptor Mor04m (-0.219), representing the spatial distribution of atomic mass and pharmacophoric points. Electronic Environment: The polarizability E1p (0.421) and molar refractivity P_VSA_MR_5 (46.791) indicate the deformability of the electron cloud and the dispersion forces during metal-ligand formation. Inhibition Mechanism: Please encode a 1024-dimensional latent representation that prioritizes the molecule's adsorption geometry (parallel vs. vertical), the strength of the coordinate bond with metal d-orbitals, and the formation of a dense protective hydrophobic layer."
NTA (Nitrilotriacetic acid),C(C(=O)O)N(CC(=O)O)CC(=O)O,-124,-0.341,0,0.59,0.307,9.441,"Molecular Characterization for Corrosion Inhibition: The compound defined by SMILES C(C(=O)O)N(CC(=O)O)CC(=O)O is analyzed for its interfacial adsorption properties. Quantum Chemical Profile: It exhibits a LUMO energy of -0.341 eV, which dictates its ability to accept back-donated electrons from metal surfaces. The structural topology is defined by CATS3D value 0 and 3D-MoRSE descriptor Mor04m (0.59), representing the spatial distribution of atomic mass and pharmacophoric points. Electronic Environment: The polarizability E1p (0.307) and molar refractivity P_VSA_MR_5 (9.441) indicate the deformability of the electron cloud and the dispersion forces during metal-ligand formation. Inhibition Mechanism: Please encode a 1024-dimensional latent representation that prioritizes the molecule's adsorption geometry (parallel vs. vertical), the strength of the coordinate bond with metal d-orbitals, and the formation of a dense protective hydrophobic layer."
Oxalic acid,C(=O)(C(=O)O)O,52,-2.32,0,-0.111,0.335,0,"Molecular Characterization for Corrosion Inhibition: The compound defined by SMILES C(=O)(C(=O)O)O is analyzed for its interfacial adsorption properties. Quantum Chemical Profile: It exhibits a LUMO energy of -2.32 eV, which dictates its ability to accept back-donated electrons from metal surfaces. The structural topology is defined by CATS3D value 0 and 3D-MoRSE descriptor Mor04m (-0.111), representing the spatial distribution of atomic mass and pharmacophoric points. Electronic Environment: The polarizability E1p (0.335) and molar refractivity P_VSA_MR_5 (0.0) indicate the deformability of the electron cloud and the dispersion forces during metal-ligand formation. Inhibition Mechanism: Please encode a 1024-dimensional latent representation that prioritizes the molecule's adsorption geometry (parallel vs. vertical), the strength of the coordinate bond with metal d-orbitals, and the formation of a dense protective hydrophobic layer."
Panthenol,CC(C)(CO)C(C(=O)NCCCO)O,-98,-0.034,0,0.004,0.445,40.301,"Molecular Characterization for Corrosion Inhibition: The compound defined by SMILES CC(C)(CO)C(C(=O)NCCCO)O is analyzed for its interfacial adsorption properties. Quantum Chemical Profile: It exhibits a LUMO energy of -0.034 eV, which dictates its ability to accept back-donated electrons from metal surfaces. The structural topology is defined by CATS3D value 0 and 3D-MoRSE descriptor Mor04m (0.004), representing the spatial distribution of atomic mass and pharmacophoric points. Electronic Environment: The polarizability E1p (0.445) and molar refractivity P_VSA_MR_5 (40.301) indicate the deformability of the electron cloud and the dispersion forces during metal-ligand formation. Inhibition Mechanism: Please encode a 1024-dimensional latent representation that prioritizes the molecule's adsorption geometry (parallel vs. vertical), the strength of the coordinate bond with metal d-orbitals, and the formation of a dense protective hydrophobic layer."
4-tert-Butyl-benzoic acid,CC(C)(C)C1=CC=C(C=C1)C(=O)O,31,-1.655,0,0.58,0.361,26.476,"Molecular Characterization for Corrosion Inhibition: The compound defined by SMILES CC(C)(C)C1=CC=C(C=C1)C(=O)O is analyzed for its interfacial adsorption properties. Quantum Chemical Profile: It exhibits a LUMO energy of -1.655 eV, which dictates its ability to accept back-donated electrons from metal surfaces. The structural topology is defined by CATS3D value 0 and 3D-MoRSE descriptor Mor04m (0.58), representing the spatial distribution of atomic mass and pharmacophoric points. Electronic Environment: The polarizability E1p (0.361) and molar refractivity P_VSA_MR_5 (26.476) indicate the deformability of the electron cloud and the dispersion forces during metal-ligand formation. Inhibition Mechanism: Please encode a 1024-dimensional latent representation that prioritizes the molecule's adsorption geometry (parallel vs. vertical), the strength of the coordinate bond with metal d-orbitals, and the formation of a dense protective hydrophobic layer."
Para-toluic acid,CC1=CC=C(C=C1)C(=O)O,-6,-1.67,0,-0.071,0.332,8.825,"Molecular Characterization for Corrosion Inhibition: The compound defined by SMILES CC1=CC=C(C=C1)C(=O)O is analyzed for its interfacial adsorption properties. Quantum Chemical Profile: It exhibits a LUMO energy of -1.67 eV, which dictates its ability to accept back-donated electrons from metal surfaces. The structural topology is defined by CATS3D value 0 and 3D-MoRSE descriptor Mor04m (-0.071), representing the spatial distribution of atomic mass and pharmacophoric points. Electronic Environment: The polarizability E1p (0.332) and molar refractivity P_VSA_MR_5 (8.825) indicate the deformability of the electron cloud and the dispersion forces during metal-ligand formation. Inhibition Mechanism: Please encode a 1024-dimensional latent representation that prioritizes the molecule's adsorption geometry (parallel vs. vertical), the strength of the coordinate bond with metal d-orbitals, and the formation of a dense protective hydrophobic layer."
Phenylalanine,C1=CC=C(C=C1)C[C@@H](C(=O)O)N,-146,-0.637,1,-0.258,0.459,35.432,"Molecular Characterization for Corrosion Inhibition: The compound defined by SMILES C1=CC=C(C=C1)C[C@@H](C(=O)O)N is analyzed for its interfacial adsorption properties. Quantum Chemical Profile: It exhibits a LUMO energy of -0.637 eV, which dictates its ability to accept back-donated electrons from metal surfaces. The structural topology is defined by CATS3D value 1 and 3D-MoRSE descriptor Mor04m (-0.258), representing the spatial distribution of atomic mass and pharmacophoric points. Electronic Environment: The polarizability E1p (0.459) and molar refractivity P_VSA_MR_5 (35.432) indicate the deformability of the electron cloud and the dispersion forces during metal-ligand formation. Inhibition Mechanism: Please encode a 1024-dimensional latent representation that prioritizes the molecule's adsorption geometry (parallel vs. vertical), the strength of the coordinate bond with metal d-orbitals, and the formation of a dense protective hydrophobic layer."
Phthalic acid,C1=CC=C(C(=C1)C(=O)O)C(=O)O,31,-2.11,0,0.131,0.381,0,"Molecular Characterization for Corrosion Inhibition: The compound defined by SMILES C1=CC=C(C(=C1)C(=O)O)C(=O)O is analyzed for its interfacial adsorption properties. Quantum Chemical Profile: It exhibits a LUMO energy of -2.11 eV, which dictates its ability to accept back-donated electrons from metal surfaces. The structural topology is defined by CATS3D value 0 and 3D-MoRSE descriptor Mor04m (0.131), representing the spatial distribution of atomic mass and pharmacophoric points. Electronic Environment: The polarizability E1p (0.381) and molar refractivity P_VSA_MR_5 (0.0) indicate the deformability of the electron cloud and the dispersion forces during metal-ligand formation. Inhibition Mechanism: Please encode a 1024-dimensional latent representation that prioritizes the molecule's adsorption geometry (parallel vs. vertical), the strength of the coordinate bond with metal d-orbitals, and the formation of a dense protective hydrophobic layer."
Picolinic acid,C1=CC=NC(=C1)C(=O)O,54,-2.301,0,-0.125,0.401,11.804,"Molecular Characterization for Corrosion Inhibition: The compound defined by SMILES C1=CC=NC(=C1)C(=O)O is analyzed for its interfacial adsorption properties. Quantum Chemical Profile: It exhibits a LUMO energy of -2.301 eV, which dictates its ability to accept back-donated electrons from metal surfaces. The structural topology is defined by CATS3D value 0 and 3D-MoRSE descriptor Mor04m (-0.125), representing the spatial distribution of atomic mass and pharmacophoric points. Electronic Environment: The polarizability E1p (0.401) and molar refractivity P_VSA_MR_5 (11.804) indicate the deformability of the electron cloud and the dispersion forces during metal-ligand formation. Inhibition Mechanism: Please encode a 1024-dimensional latent representation that prioritizes the molecule's adsorption geometry (parallel vs. vertical), the strength of the coordinate bond with metal d-orbitals, and the formation of a dense protective hydrophobic layer."
Piperazine,C1CNCCN1,-145,1.489,0,-0.363,0.461,44.444,"Molecular Characterization for Corrosion Inhibition: The compound defined by SMILES C1CNCCN1 is analyzed for its interfacial adsorption properties. Quantum Chemical Profile: It exhibits a LUMO energy of 1.489 eV, which dictates its ability to accept back-donated electrons from metal surfaces. The structural topology is defined by CATS3D value 0 and 3D-MoRSE descriptor Mor04m (-0.363), representing the spatial distribution of atomic mass and pharmacophoric points. Electronic Environment: The polarizability E1p (0.461) and molar refractivity P_VSA_MR_5 (44.444) indicate the deformability of the electron cloud and the dispersion forces during metal-ligand formation. Inhibition Mechanism: Please encode a 1024-dimensional latent representation that prioritizes the molecule's adsorption geometry (parallel vs. vertical), the strength of the coordinate bond with metal d-orbitals, and the formation of a dense protective hydrophobic layer."
Pyrazole,C1=CNN=C1,-38,0.148,0,-0.843,0.32,25.71,"Molecular Characterization for Corrosion Inhibition: The compound defined by SMILES C1=CNN=C1 is analyzed for its interfacial adsorption properties. Quantum Chemical Profile: It exhibits a LUMO energy of 0.148 eV, which dictates its ability to accept back-donated electrons from metal surfaces. The structural topology is defined by CATS3D value 0 and 3D-MoRSE descriptor Mor04m (-0.843), representing the spatial distribution of atomic mass and pharmacophoric points. Electronic Environment: The polarizability E1p (0.32) and molar refractivity P_VSA_MR_5 (25.71) indicate the deformability of the electron cloud and the dispersion forces during metal-ligand formation. Inhibition Mechanism: Please encode a 1024-dimensional latent representation that prioritizes the molecule's adsorption geometry (parallel vs. vertical), the strength of the coordinate bond with metal d-orbitals, and the formation of a dense protective hydrophobic layer."
Quinaldic acid,C1=CC=C2C(=C1)C=CC(=N2)C(=O)O,21,-2.724,0,-0.099,0.406,4.901,"Molecular Characterization for Corrosion Inhibition: The compound defined by SMILES C1=CC=C2C(=C1)C=CC(=N2)C(=O)O is analyzed for its interfacial adsorption properties. Quantum Chemical Profile: It exhibits a LUMO energy of -2.724 eV, which dictates its ability to accept back-donated electrons from metal surfaces. The structural topology is defined by CATS3D value 0 and 3D-MoRSE descriptor Mor04m (-0.099), representing the spatial distribution of atomic mass and pharmacophoric points. Electronic Environment: The polarizability E1p (0.406) and molar refractivity P_VSA_MR_5 (4.901) indicate the deformability of the electron cloud and the dispersion forces during metal-ligand formation. Inhibition Mechanism: Please encode a 1024-dimensional latent representation that prioritizes the molecule's adsorption geometry (parallel vs. vertical), the strength of the coordinate bond with metal d-orbitals, and the formation of a dense protective hydrophobic layer."
Quinic acid,C1[C@H](C([C@@H](CC1(C(=O)O)O)O)O)O,19,-0.658,0,0.185,0.319,5.069,"Molecular Characterization for Corrosion Inhibition: The compound defined by SMILES C1[C@H](C([C@@H](CC1(C(=O)O)O)O)O)O is analyzed for its interfacial adsorption properties. Quantum Chemical Profile: It exhibits a LUMO energy of -0.658 eV, which dictates its ability to accept back-donated electrons from metal surfaces. The structural topology is defined by CATS3D value 0 and 3D-MoRSE descriptor Mor04m (0.185), representing the spatial distribution of atomic mass and pharmacophoric points. Electronic Environment: The polarizability E1p (0.319) and molar refractivity P_VSA_MR_5 (5.069) indicate the deformability of the electron cloud and the dispersion forces during metal-ligand formation. Inhibition Mechanism: Please encode a 1024-dimensional latent representation that prioritizes the molecule's adsorption geometry (parallel vs. vertical), the strength of the coordinate bond with metal d-orbitals, and the formation of a dense protective hydrophobic layer."
Salicylaldoxime,C1=CC=C(C(=C1)/C=N/O)O,-89,-1.687,0,-0.674,0.312,13.247,"Molecular Characterization for Corrosion Inhibition: The compound defined by SMILES C1=CC=C(C(=C1)/C=N/O)O is analyzed for its interfacial adsorption properties. Quantum Chemical Profile: It exhibits a LUMO energy of -1.687 eV, which dictates its ability to accept back-donated electrons from metal surfaces. The structural topology is defined by CATS3D value 0 and 3D-MoRSE descriptor Mor04m (-0.674), representing the spatial distribution of atomic mass and pharmacophoric points. Electronic Environment: The polarizability E1p (0.312) and molar refractivity P_VSA_MR_5 (13.247) indicate the deformability of the electron cloud and the dispersion forces during metal-ligand formation. Inhibition Mechanism: Please encode a 1024-dimensional latent representation that prioritizes the molecule's adsorption geometry (parallel vs. vertical), the strength of the coordinate bond with metal d-orbitals, and the formation of a dense protective hydrophobic layer."
Salicylhydroxamic acid,C1=CC=C(C(=C1)C(=O)NO)O,-17,-1.893,0,-0.013,0.361,14.473,"Molecular Characterization for Corrosion Inhibition: The compound defined by SMILES C1=CC=C(C(=C1)C(=O)NO)O is analyzed for its interfacial adsorption properties. Quantum Chemical Profile: It exhibits a LUMO energy of -1.893 eV, which dictates its ability to accept back-donated electrons from metal surfaces. The structural topology is defined by CATS3D value 0 and 3D-MoRSE descriptor Mor04m (-0.013), representing the spatial distribution of atomic mass and pharmacophoric points. Electronic Environment: The polarizability E1p (0.361) and molar refractivity P_VSA_MR_5 (14.473) indicate the deformability of the electron cloud and the dispersion forces during metal-ligand formation. Inhibition Mechanism: Please encode a 1024-dimensional latent representation that prioritizes the molecule's adsorption geometry (parallel vs. vertical), the strength of the coordinate bond with metal d-orbitals, and the formation of a dense protective hydrophobic layer."
Salicylic acid,C1=CC=C(C(=C1)C(=O)O)O,37,-1.909,0,-0.01,0.345,0,"Molecular Characterization for Corrosion Inhibition: The compound defined by SMILES C1=CC=C(C(=C1)C(=O)O)O is analyzed for its interfacial adsorption properties. Quantum Chemical Profile: It exhibits a LUMO energy of -1.909 eV, which dictates its ability to accept back-donated electrons from metal surfaces. The structural topology is defined by CATS3D value 0 and 3D-MoRSE descriptor Mor04m (-0.01), representing the spatial distribution of atomic mass and pharmacophoric points. Electronic Environment: The polarizability E1p (0.345) and molar refractivity P_VSA_MR_5 (0.0) indicate the deformability of the electron cloud and the dispersion forces during metal-ligand formation. Inhibition Mechanism: Please encode a 1024-dimensional latent representation that prioritizes the molecule's adsorption geometry (parallel vs. vertical), the strength of the coordinate bond with metal d-orbitals, and the formation of a dense protective hydrophobic layer."
Tartaric acid,C(C(C(=O)O)O)(C(=O)O)O,46,-0.957,0,0.601,0.313,0,"Molecular Characterization for Corrosion Inhibition: The compound defined by SMILES C(C(C(=O)O)O)(C(=O)O)O is analyzed for its interfacial adsorption properties. Quantum Chemical Profile: It exhibits a LUMO energy of -0.957 eV, which dictates its ability to accept back-donated electrons from metal surfaces. The structural topology is defined by CATS3D value 0 and 3D-MoRSE descriptor Mor04m (0.601), representing the spatial distribution of atomic mass and pharmacophoric points. Electronic Environment: The polarizability E1p (0.313) and molar refractivity P_VSA_MR_5 (0.0) indicate the deformability of the electron cloud and the dispersion forces during metal-ligand formation. Inhibition Mechanism: Please encode a 1024-dimensional latent representation that prioritizes the molecule's adsorption geometry (parallel vs. vertical), the strength of the coordinate bond with metal d-orbitals, and the formation of a dense protective hydrophobic layer."
Tris,C(C(CO)(CO)N)O,-194,1.094,2,0.094,0.309,32.897,"Molecular Characterization for Corrosion Inhibition: The compound defined by SMILES C(C(CO)(CO)N)O is analyzed for its interfacial adsorption properties. Quantum Chemical Profile: It exhibits a LUMO energy of 1.094 eV, which dictates its ability to accept back-donated electrons from metal surfaces. The structural topology is defined by CATS3D value 2 and 3D-MoRSE descriptor Mor04m (0.094), representing the spatial distribution of atomic mass and pharmacophoric points. Electronic Environment: The polarizability E1p (0.309) and molar refractivity P_VSA_MR_5 (32.897) indicate the deformability of the electron cloud and the dispersion forces during metal-ligand formation. Inhibition Mechanism: Please encode a 1024-dimensional latent representation that prioritizes the molecule's adsorption geometry (parallel vs. vertical), the strength of the coordinate bond with metal d-orbitals, and the formation of a dense protective hydrophobic layer."
Uracil,C1=CNC(=O)NC1=O,-108,-1.611,0,-0.565,0.363,36.022,"Molecular Characterization for Corrosion Inhibition: The compound defined by SMILES C1=CNC(=O)NC1=O is analyzed for its interfacial adsorption properties. Quantum Chemical Profile: It exhibits a LUMO energy of -1.611 eV, which dictates its ability to accept back-donated electrons from metal surfaces. The structural topology is defined by CATS3D value 0 and 3D-MoRSE descriptor Mor04m (-0.565), representing the spatial distribution of atomic mass and pharmacophoric points. Electronic Environment: The polarizability E1p (0.363) and molar refractivity P_VSA_MR_5 (36.022) indicate the deformability of the electron cloud and the dispersion forces during metal-ligand formation. Inhibition Mechanism: Please encode a 1024-dimensional latent representation that prioritizes the molecule's adsorption geometry (parallel vs. vertical), the strength of the coordinate bond with metal d-orbitals, and the formation of a dense protective hydrophobic layer."
Urea,C(=O)(N)N,-93,1.13,2,-0.23,0.377,65.794,"Molecular Characterization for Corrosion Inhibition: The compound defined by SMILES C(=O)(N)N is analyzed for its interfacial adsorption properties. Quantum Chemical Profile: It exhibits a LUMO energy of 1.13 eV, which dictates its ability to accept back-donated electrons from metal surfaces. The structural topology is defined by CATS3D value 2 and 3D-MoRSE descriptor Mor04m (-0.23), representing the spatial distribution of atomic mass and pharmacophoric points. Electronic Environment: The polarizability E1p (0.377) and molar refractivity P_VSA_MR_5 (65.794) indicate the deformability of the electron cloud and the dispersion forces during metal-ligand formation. Inhibition Mechanism: Please encode a 1024-dimensional latent representation that prioritizes the molecule's adsorption geometry (parallel vs. vertical), the strength of the coordinate bond with metal d-orbitals, and the formation of a dense protective hydrophobic layer."
"2-Amino-2-methyl-1,3-propanediol",CC(CO)(CO)N,-151.8008513,0.8736,2,0.098490492,0.317632839,41.72239173,"Molecular Characterization for Corrosion Inhibition: The compound defined by SMILES CC(CO)(CO)N is analyzed for its interfacial adsorption properties. Quantum Chemical Profile: It exhibits a LUMO energy of 0.8736 eV, which dictates its ability to accept back-donated electrons from metal surfaces. The structural topology is defined by CATS3D value 2 and 3D-MoRSE descriptor Mor04m (0.098490492), representing the spatial distribution of atomic mass and pharmacophoric points. Electronic Environment: The polarizability E1p (0.317632839) and molar refractivity P_VSA_MR_5 (41.72239173) indicate the deformability of the electron cloud and the dispersion forces during metal-ligand formation. Inhibition Mechanism: Please encode a 1024-dimensional latent representation that prioritizes the molecule's adsorption geometry (parallel vs. vertical), the strength of the coordinate bond with metal d-orbitals, and the formation of a dense protective hydrophobic layer."
3-Hydroxyacetophenone,CC(=O)C1=CC(=CC=C1)O,-33.1050366,-1.98445,0,-0.140028336,0.395308141,8.825204262,"Molecular Characterization for Corrosion Inhibition: The compound defined by SMILES CC(=O)C1=CC(=CC=C1)O is analyzed for its interfacial adsorption properties. Quantum Chemical Profile: It exhibits a LUMO energy of -1.98445 eV, which dictates its ability to accept back-donated electrons from metal surfaces. The structural topology is defined by CATS3D value 0 and 3D-MoRSE descriptor Mor04m (-0.140028336), representing the spatial distribution of atomic mass and pharmacophoric points. Electronic Environment: The polarizability E1p (0.395308141) and molar refractivity P_VSA_MR_5 (8.825204262) indicate the deformability of the electron cloud and the dispersion forces during metal-ligand formation. Inhibition Mechanism: Please encode a 1024-dimensional latent representation that prioritizes the molecule's adsorption geometry (parallel vs. vertical), the strength of the coordinate bond with metal d-orbitals, and the formation of a dense protective hydrophobic layer."
4-Hydroxybenzyl alcohol,C1=CC(=CC=C1CO)O,-135.20191,-0.62446,0,-0.502383163,0.346057392,0,"Molecular Characterization for Corrosion Inhibition: The compound defined by SMILES C1=CC(=CC=C1CO)O is analyzed for its interfacial adsorption properties. Quantum Chemical Profile: It exhibits a LUMO energy of -0.62446 eV, which dictates its ability to accept back-donated electrons from metal surfaces. The structural topology is defined by CATS3D value 0 and 3D-MoRSE descriptor Mor04m (-0.502383163), representing the spatial distribution of atomic mass and pharmacophoric points. Electronic Environment: The polarizability E1p (0.346057392) and molar refractivity P_VSA_MR_5 (0.0) indicate the deformability of the electron cloud and the dispersion forces during metal-ligand formation. Inhibition Mechanism: Please encode a 1024-dimensional latent representation that prioritizes the molecule's adsorption geometry (parallel vs. vertical), the strength of the coordinate bond with metal d-orbitals, and the formation of a dense protective hydrophobic layer."
4-Pyridinecarboxylic acid,C1=CN=CC=C1C(=O)O,39.84782897,-2.33781,0,-0.075372787,0.349111807,18.09484015,"Molecular Characterization for Corrosion Inhibition: The compound defined by SMILES C1=CN=CC=C1C(=O)O is analyzed for its interfacial adsorption properties. Quantum Chemical Profile: It exhibits a LUMO energy of -2.33781 eV, which dictates its ability to accept back-donated electrons from metal surfaces. The structural topology is defined by CATS3D value 0 and 3D-MoRSE descriptor Mor04m (-0.075372787), representing the spatial distribution of atomic mass and pharmacophoric points. Electronic Environment: The polarizability E1p (0.349111807) and molar refractivity P_VSA_MR_5 (18.09484015) indicate the deformability of the electron cloud and the dispersion forces during metal-ligand formation. Inhibition Mechanism: Please encode a 1024-dimensional latent representation that prioritizes the molecule's adsorption geometry (parallel vs. vertical), the strength of the coordinate bond with metal d-orbitals, and the formation of a dense protective hydrophobic layer."
"2,4-Dihydroxybenzoic acid",C1=CC(=C(C=C1O)O)C(=O)O,-141.3369829,-1.31041,0,-0.06530691,0.286391116,0,"Molecular Characterization for Corrosion Inhibition: The compound defined by SMILES C1=CC(=C(C=C1O)O)C(=O)O is analyzed for its interfacial adsorption properties. Quantum Chemical Profile: It exhibits a LUMO energy of -1.31041 eV, which dictates its ability to accept back-donated electrons from metal surfaces. The structural topology is defined by CATS3D value 0 and 3D-MoRSE descriptor Mor04m (-0.06530691), representing the spatial distribution of atomic mass and pharmacophoric points. Electronic Environment: The polarizability E1p (0.286391116) and molar refractivity P_VSA_MR_5 (0.0) indicate the deformability of the electron cloud and the dispersion forces during metal-ligand formation. Inhibition Mechanism: Please encode a 1024-dimensional latent representation that prioritizes the molecule's adsorption geometry (parallel vs. vertical), the strength of the coordinate bond with metal d-orbitals, and the formation of a dense protective hydrophobic layer."
"3,4-Pyridinedicarboxylic acid",C1=CN=CC(=C1C(=O)O)C(=O)O,76.04090049,-2.5831,0,0.121226277,0.331429642,18.09484015,"Molecular Characterization for Corrosion Inhibition: The compound defined by SMILES C1=CN=CC(=C1C(=O)O)C(=O)O is analyzed for its interfacial adsorption properties. Quantum Chemical Profile: It exhibits a LUMO energy of -2.5831 eV, which dictates its ability to accept back-donated electrons from metal surfaces. The structural topology is defined by CATS3D value 0 and 3D-MoRSE descriptor Mor04m (0.121226277), representing the spatial distribution of atomic mass and pharmacophoric points. Electronic Environment: The polarizability E1p (0.331429642) and molar refractivity P_VSA_MR_5 (18.09484015) indicate the deformability of the electron cloud and the dispersion forces during metal-ligand formation. Inhibition Mechanism: Please encode a 1024-dimensional latent representation that prioritizes the molecule's adsorption geometry (parallel vs. vertical), the strength of the coordinate bond with metal d-orbitals, and the formation of a dense protective hydrophobic layer."
D-Glucose,C([C@@H]1[C@H]([C@@H]([C@H](C(O1)O)O)O)O)O,-23.40081753,0.74909,0,0.065159584,0.435997437,0,"Molecular Characterization for Corrosion Inhibition: The compound defined by SMILES C([C@@H]1[C@H]([C@@H]([C@H](C(O1)O)O)O)O)O is analyzed for its interfacial adsorption properties. Quantum Chemical Profile: It exhibits a LUMO energy of 0.74909 eV, which dictates its ability to accept back-donated electrons from metal surfaces. The structural topology is defined by CATS3D value 0 and 3D-MoRSE descriptor Mor04m (0.065159584), representing the spatial distribution of atomic mass and pharmacophoric points. Electronic Environment: The polarizability E1p (0.435997437) and molar refractivity P_VSA_MR_5 (0.0) indicate the deformability of the electron cloud and the dispersion forces during metal-ligand formation. Inhibition Mechanism: Please encode a 1024-dimensional latent representation that prioritizes the molecule's adsorption geometry (parallel vs. vertical), the strength of the coordinate bond with metal d-orbitals, and the formation of a dense protective hydrophobic layer."
Itaconic acid,C=C(CC(=O)O)C(=O)O,63.60435532,-1.78571,0,-0.613196792,0.330379035,2.534531739,"Molecular Characterization for Corrosion Inhibition: The compound defined by SMILES C=C(CC(=O)O)C(=O)O is analyzed for its interfacial adsorption properties. Quantum Chemical Profile: It exhibits a LUMO energy of -1.78571 eV, which dictates its ability to accept back-donated electrons from metal surfaces. The structural topology is defined by CATS3D value 0 and 3D-MoRSE descriptor Mor04m (-0.613196792), representing the spatial distribution of atomic mass and pharmacophoric points. Electronic Environment: The polarizability E1p (0.330379035) and molar refractivity P_VSA_MR_5 (2.534531739) indicate the deformability of the electron cloud and the dispersion forces during metal-ligand formation. Inhibition Mechanism: Please encode a 1024-dimensional latent representation that prioritizes the molecule's adsorption geometry (parallel vs. vertical), the strength of the coordinate bond with metal d-orbitals, and the formation of a dense protective hydrophobic layer."
L-Sorbose,C1[C@@H]([C@H]([C@@H](C(O1)(CO)O)O)O)O,46.16377075,-1.67598,0,0.499437896,0.429257248,0,"Molecular Characterization for Corrosion Inhibition: The compound defined by SMILES C1[C@@H]([C@H]([C@@H](C(O1)(CO)O)O)O)O is analyzed for its interfacial adsorption properties. Quantum Chemical Profile: It exhibits a LUMO energy of -1.67598 eV, which dictates its ability to accept back-donated electrons from metal surfaces. The structural topology is defined by CATS3D value 0 and 3D-MoRSE descriptor Mor04m (0.499437896), representing the spatial distribution of atomic mass and pharmacophoric points. Electronic Environment: The polarizability E1p (0.429257248) and molar refractivity P_VSA_MR_5 (0.0) indicate the deformability of the electron cloud and the dispersion forces during metal-ligand formation. Inhibition Mechanism: Please encode a 1024-dimensional latent representation that prioritizes the molecule's adsorption geometry (parallel vs. vertical), the strength of the coordinate bond with metal d-orbitals, and the formation of a dense protective hydrophobic layer."
L-Threonine,C[C@H]([C@@H](C(=O)O)N)O,-215.67651,-0.57329,2,-0.230729802,0.44203324,41.72239173,"Molecular Characterization for Corrosion Inhibition: The compound defined by SMILES C[C@H]([C@@H](C(=O)O)N)O is analyzed for its interfacial adsorption properties. Quantum Chemical Profile: It exhibits a LUMO energy of -0.57329 eV, which dictates its ability to accept back-donated electrons from metal surfaces. The structural topology is defined by CATS3D value 2 and 3D-MoRSE descriptor Mor04m (-0.230729802), representing the spatial distribution of atomic mass and pharmacophoric points. Electronic Environment: The polarizability E1p (0.44203324) and molar refractivity P_VSA_MR_5 (41.72239173) indicate the deformability of the electron cloud and the dispersion forces during metal-ligand formation. Inhibition Mechanism: Please encode a 1024-dimensional latent representation that prioritizes the molecule's adsorption geometry (parallel vs. vertical), the strength of the coordinate bond with metal d-orbitals, and the formation of a dense protective hydrophobic layer."
Methylmalonic acid,CC(C(=O)O)C(=O)O,34.86067066,-0.55903,0,-0.367166664,0.297285171,8.825204262,"Molecular Characterization for Corrosion Inhibition: The compound defined by SMILES CC(C(=O)O)C(=O)O is analyzed for its interfacial adsorption properties. Quantum Chemical Profile: It exhibits a LUMO energy of -0.55903 eV, which dictates its ability to accept back-donated electrons from metal surfaces. The structural topology is defined by CATS3D value 0 and 3D-MoRSE descriptor Mor04m (-0.367166664), representing the spatial distribution of atomic mass and pharmacophoric points. Electronic Environment: The polarizability E1p (0.297285171) and molar refractivity P_VSA_MR_5 (8.825204262) indicate the deformability of the electron cloud and the dispersion forces during metal-ligand formation. Inhibition Mechanism: Please encode a 1024-dimensional latent representation that prioritizes the molecule's adsorption geometry (parallel vs. vertical), the strength of the coordinate bond with metal d-orbitals, and the formation of a dense protective hydrophobic layer."
Pyridazine,C1=CC=NN=C1,15.93696116,-1.90237,0,-0.337353349,0.310842452,18.09484015,"Molecular Characterization for Corrosion Inhibition: The compound defined by SMILES C1=CC=NN=C1 is analyzed for its interfacial adsorption properties. Quantum Chemical Profile: It exhibits a LUMO energy of -1.90237 eV, which dictates its ability to accept back-donated electrons from metal surfaces. The structural topology is defined by CATS3D value 0 and 3D-MoRSE descriptor Mor04m (-0.337353349), representing the spatial distribution of atomic mass and pharmacophoric points. Electronic Environment: The polarizability E1p (0.310842452) and molar refractivity P_VSA_MR_5 (18.09484015) indicate the deformability of the electron cloud and the dispersion forces during metal-ligand formation. Inhibition Mechanism: Please encode a 1024-dimensional latent representation that prioritizes the molecule's adsorption geometry (parallel vs. vertical), the strength of the coordinate bond with metal d-orbitals, and the formation of a dense protective hydrophobic layer."
Tartronic acid,C(C(=O)O)(C(=O)O)O,-32.73124088,-1.24459,0,-0.443090497,0.41272309,0,"Molecular Characterization for Corrosion Inhibition: The compound defined by SMILES C(C(=O)O)(C(=O)O)O is analyzed for its interfacial adsorption properties. Quantum Chemical Profile: It exhibits a LUMO energy of -1.24459 eV, which dictates its ability to accept back-donated electrons from metal surfaces. The structural topology is defined by CATS3D value 0 and 3D-MoRSE descriptor Mor04m (-0.443090497), representing the spatial distribution of atomic mass and pharmacophoric points. Electronic Environment: The polarizability E1p (0.41272309) and molar refractivity P_VSA_MR_5 (0.0) indicate the deformability of the electron cloud and the dispersion forces during metal-ligand formation. Inhibition Mechanism: Please encode a 1024-dimensional latent representation that prioritizes the molecule's adsorption geometry (parallel vs. vertical), the strength of the coordinate bond with metal d-orbitals, and the formation of a dense protective hydrophobic layer."
Tricarballylic acid,C(C(CC(=O)O)C(=O)O)C(=O)O,50.22488033,-0.62315,0,-1.353190367,0.318865864,5.069063478,"Molecular Characterization for Corrosion Inhibition: The compound defined by SMILES C(C(CC(=O)O)C(=O)O)C(=O)O is analyzed for its interfacial adsorption properties. Quantum Chemical Profile: It exhibits a LUMO energy of -0.62315 eV, which dictates its ability to accept back-donated electrons from metal surfaces. The structural topology is defined by CATS3D value 0 and 3D-MoRSE descriptor Mor04m (-1.353190367), representing the spatial distribution of atomic mass and pharmacophoric points. Electronic Environment: The polarizability E1p (0.318865864) and molar refractivity P_VSA_MR_5 (5.069063478) indicate the deformability of the electron cloud and the dispersion forces during metal-ligand formation. Inhibition Mechanism: Please encode a 1024-dimensional latent representation that prioritizes the molecule's adsorption geometry (parallel vs. vertical), the strength of the coordinate bond with metal d-orbitals, and the formation of a dense protective hydrophobic layer."
Vanillic acid,COC1=C(C=CC(=C1)C(=O)O)O,-119.4542583,-1.46133,0,-0.287253567,0.378046169,0,"Molecular Characterization for Corrosion Inhibition: The compound defined by SMILES COC1=C(C=CC(=C1)C(=O)O)O is analyzed for its interfacial adsorption properties. Quantum Chemical Profile: It exhibits a LUMO energy of -1.46133 eV, which dictates its ability to accept back-donated electrons from metal surfaces. The structural topology is defined by CATS3D value 0 and 3D-MoRSE descriptor Mor04m (-0.287253567), representing the spatial distribution of atomic mass and pharmacophoric points. Electronic Environment: The polarizability E1p (0.378046169) and molar refractivity P_VSA_MR_5 (0.0) indicate the deformability of the electron cloud and the dispersion forces during metal-ligand formation. Inhibition Mechanism: Please encode a 1024-dimensional latent representation that prioritizes the molecule's adsorption geometry (parallel vs. vertical), the strength of the coordinate bond with metal d-orbitals, and the formation of a dense protective hydrophobic layer."
